州RGB,領有国RGB,管理国RGB
10.201.251,63.95.191,63.95.191
63.221.251,63.95.191,63.95.191
13.201.201,63.95.191,63.95.191
11.221.251,63.95.191,63.95.191
12.251.251,63.95.191,63.95.191
127.220.250,63.95.191,63.95.191
15.221.251,63.95.191,63.95.191
62.201.251,63.95.191,63.95.191
124.250.250,63.95.191,63.95.191
125.200.200,63.95.191,63.95.191
126.200.250,63.95.191,63.95.191
0.251.251,63.95.191,63.95.191
1.201.201,63.95.191,63.95.191
9.201.201,63.95.191,63.95.191
64.251.251,63.95.191,63.95.191
40.253.253,63.95.191,63.95.191
65.230.214,63.95.191,63.95.191
14.201.251,63.95.191,63.95.191
32.144.192,194.53.60,194.53.60
160.17.192,194.53.60,194.53.60
224.160.224,194.53.60,194.53.60
160.144.192,194.53.60,194.53.60
224.208.128,194.53.60,194.53.60
176.17.192,194.53.60,194.53.60
49.144.192,194.53.60,194.53.60
112.16.64,194.53.60,194.53.60
176.144.192,194.53.60,194.53.60
240.16.64,194.53.60,194.53.60
239.144.192,194.53.60,194.53.60
112.144.192,194.53.60,194.53.60
176.80.192,194.53.60,194.53.60
49.208.192,194.53.60,194.53.60
240.17.192,194.53.60,194.53.60
112.144.64,194.53.60,194.53.60
71.133.153,194.53.60,194.53.60
112.16.192,194.53.60,194.53.60
239.144.64,194.53.60,194.53.60
48.80.192,194.53.60,194.53.60
136.89.95,194.53.60,194.53.60
48.208.64,194.53.60,194.53.60
112.80.64,194.53.60,194.53.60
176.208.64,194.53.60,194.53.60
48.80.64,194.53.60,194.53.60
97.66.135,194.53.60,194.53.60
176.208.192,194.53.60,194.53.60
112.208.64,194.53.60,194.53.60
240.80.64,194.53.60,194.53.60
17.81.192,194.53.60,194.53.60
162.135.176,194.53.60,194.53.60
113.81.1,194.53.60,194.53.60
144.208.64,194.53.60,194.53.60
239.208.64,194.53.60,194.53.60
240.80.1,194.53.60,194.53.60
112.207.0,194.53.60,194.53.60
239.80.128,194.53.60,194.53.60
112.80.128,194.53.60,194.53.60
112.208.128,194.53.60,194.53.60
240.208.0,194.53.60,194.53.60
155.168.181,26.53.177,194.53.60
48.208.128,26.53.177,26.53.177
176.208.128,26.53.177,26.53.177
48.80.128,26.53.177,26.53.177
49.208.0,26.53.177,26.53.177
176.208.0,26.53.177,26.53.177
240.144.128,26.53.177,26.53.177
112.239.192,26.53.177,26.53.177
48.80.0,26.53.177,26.53.177
176.80.0,26.53.177,26.53.177
240.17.128,26.53.177,26.53.177
112.144.128,26.53.177,26.53.177
112.17.128,26.53.177,26.53.177
240.144.1,26.53.177,26.53.177
240.16.0,26.53.177,26.53.177
112.17.1,26.53.177,26.53.177
160.208.128,26.53.177,26.53.177
33.208.128,26.53.177,26.53.177
96.81.1,26.53.177,26.53.177
160.81.98,165.132.57,165.132.57
160.81.128,165.132.57,165.132.57
97.208.1,165.132.57,165.132.57
224.17.1,165.132.57,165.132.57
33.208.1,165.132.57,165.132.57
96.208.128,165.132.57,165.132.57
224.81.128,165.132.57,165.132.57
32.16.192,165.132.57,165.132.57
